[{"model": "admin.logentry", "pk": 1, "fields": {"action_time": "2022-11-08T10:29:01.629Z", "user": 1, "content_type": 6, "object_id": "2", "object_repr": "Farkakb", "action_flag": 1, "change_message": "[{\"added\": {}}]"}}, {"model": "admin.logentry", "pk": 2, "fields": {"action_time": "2022-11-08T10:29:19.420Z", "user": 1, "content_type": 6, "object_id": "3", "object_repr": "Akbar", "action_flag": 1, "change_message": "[{\"added\": {}}]"}}, {"model": "admin.logentry", "pk": 3, "fields": {"action_time": "2022-11-08T10:29:42.273Z", "user": 1, "content_type": 6, "object_id": "4", "object_repr": "Faridhussain", "action_flag": 1, "change_message": "[{\"added\": {}}]"}}, {"model": "admin.logentry", "pk": 4, "fields": {"action_time": "2022-11-08T10:44:30.612Z", "user": 1, "content_type": 9, "object_id": "1", "object_repr": "Farizakb-->Spring weather is cold", "action_flag": 1, "change_message": "[{\"added\": {}}]"}}, {"model": "admin.logentry", "pk": 5, "fields": {"action_time": "2022-11-08T10:46:05.207Z", "user": 1, "content_type": 9, "object_id": "1", "object_repr": "Farizakb-->the weather is nice in summer", "action_flag": 2, "change_message": "[{\"changed\": {\"fields\": [\"Title\", \"Short description\", \"Description\"]}}]"}}, {"model": "admin.logentry", "pk": 6, "fields": {"action_time": "2022-11-08T10:47:17.143Z", "user": 1, "content_type": 9, "object_id": "2", "object_repr": "Farkakb-->in winter it gets cold", "action_flag": 1, "change_message": "[{\"added\": {}}]"}}, {"model": "admin.logentry", "pk": 7, "fields": {"action_time": "2022-11-08T10:48:12.572Z", "user": 1, "content_type": 9, "object_id": "3", "object_repr": "Akbar-->Spring is beautiful", "action_flag": 1, "change_message": "[{\"added\": {}}]"}}, {"model": "admin.logentry", "pk": 8, "fields": {"action_time": "2022-11-08T10:52:42.067Z", "user": 1, "content_type": 9, "object_id": "2", "object_repr": "Farkakb-->in winter it gets cold", "action_flag": 2, "change_message": "[]"}}, {"model": "admin.logentry", "pk": 9, "fields": {"action_time": "2022-11-08T10:52:46.176Z", "user": 1, "content_type": 9, "object_id": "3", "object_repr": "Akbar-->Spring is beautiful", "action_flag": 2, "change_message": "[]"}}, {"model": "admin.logentry", "pk": 10, "fields": {"action_time": "2022-11-08T10:52:49.135Z", "user": 1, "content_type": 9, "object_id": "3", "object_repr": "Akbar-->Spring is beautiful", "action_flag": 2, "change_message": "[]"}}, {"model": "admin.logentry", "pk": 11, "fields": {"action_time": "2022-11-08T10:53:20.744Z", "user": 1, "content_type": 9, "object_id": "3", "object_repr": "Akbar-->Spring is beautiful", "action_flag": 2, "change_message": "[]"}}, {"model": "admin.logentry", "pk": 12, "fields": {"action_time": "2022-11-08T10:53:26.855Z", "user": 1, "content_type": 9, "object_id": "2", "object_repr": "Farkakb-->in winter it gets cold", "action_flag": 2, "change_message": "[]"}}, {"model": "admin.logentry", "pk": 13, "fields": {"action_time": "2022-11-08T10:53:30.235Z", "user": 1, "content_type": 9, "object_id": "2", "object_repr": "Farkakb-->in winter it gets cold", "action_flag": 2, "change_message": "[]"}}, {"model": "admin.logentry", "pk": 14, "fields": {"action_time": "2022-11-08T10:53:33.225Z", "user": 1, "content_type": 9, "object_id": "1", "object_repr": "Farizakb-->the weather is nice in summer", "action_flag": 2, "change_message": "[]"}}, {"model": "admin.logentry", "pk": 15, "fields": {"action_time": "2022-11-08T10:54:49.544Z", "user": 1, "content_type": 10, "object_id": "4", "object_repr": "Akbar-->Farizakb-->the weather is nice in summer", "action_flag": 1, "change_message": "[{\"added\": {}}]"}}, {"model": "admin.logentry", "pk": 16, "fields": {"action_time": "2022-11-08T10:54:57.073Z", "user": 1, "content_type": 10, "object_id": "5", "object_repr": "Faridhussain-->Farizakb-->the weather is nice in summer", "action_flag": 1, "change_message": "[{\"added\": {}}]"}}, {"model": "admin.logentry", "pk": 17, "fields": {"action_time": "2022-11-08T10:55:03.217Z", "user": 1, "content_type": 10, "object_id": "6", "object_repr": "Farizakb-->Akbar-->Spring is beautiful", "action_flag": 1, "change_message": "[{\"added\": {}}]"}}, {"model": "admin.logentry", "pk": 18, "fields": {"action_time": "2022-11-08T10:55:14.485Z", "user": 1, "content_type": 10, "object_id": "7", "object_repr": "Farkakb-->Akbar-->Spring is beautiful", "action_flag": 1, "change_message": "[{\"added\": {}}]"}}, {"model": "admin.logentry", "pk": 19, "fields": {"action_time": "2022-11-08T11:18:23.226Z", "user": 1, "content_type": 7, "object_id": "8", "object_repr": "Fariz  farizakb090@gmail.com", "action_flag": 1, "change_message": "[{\"added\": {}}]"}}, {"model": "admin.logentry", "pk": 20, "fields": {"action_time": "2022-11-08T11:20:19.876Z", "user": 1, "content_type": 14, "object_id": "9", "object_repr": "Man", "action_flag": 1, "change_message": "[{\"added\": {}}]"}}, {"model": "admin.logentry", "pk": 21, "fields": {"action_time": "2022-11-08T11:20:30.129Z", "user": 1, "content_type": 14, "object_id": "9", "object_repr": "Man", "action_flag": 2, "change_message": "[]"}}, {"model": "admin.logentry", "pk": 22, "fields": {"action_time": "2022-11-08T11:20:39.092Z", "user": 1, "content_type": 14, "object_id": "10", "object_repr": "Woman", "action_flag": 1, "change_message": "[{\"added\": {}}]"}}, {"model": "admin.logentry", "pk": 23, "fields": {"action_time": "2022-11-08T11:20:48.493Z", "user": 1, "content_type": 14, "object_id": "11", "object_repr": "Man-->Shirt", "action_flag": 1, "change_message": "[{\"added\": {}}]"}}, {"model": "admin.logentry", "pk": 24, "fields": {"action_time": "2022-11-08T11:20:58.987Z", "user": 1, "content_type": 14, "object_id": "12", "object_repr": "Woman-->Shirt", "action_flag": 1, "change_message": "[{\"added\": {}}]"}}, {"model": "admin.logentry", "pk": 25, "fields": {"action_time": "2022-11-08T11:21:43.270Z", "user": 1, "content_type": 14, "object_id": "13", "object_repr": "Man-->Trousers", "action_flag": 1, "change_message": "[{\"added\": {}}]"}}, {"model": "admin.logentry", "pk": 26, "fields": {"action_time": "2022-11-08T11:21:49.051Z", "user": 1, "content_type": 14, "object_id": "14", "object_repr": "Woman-->Trousers", "action_flag": 1, "change_message": "[{\"added\": {}}]"}}, {"model": "admin.logentry", "pk": 27, "fields": {"action_time": "2022-11-08T11:22:21.714Z", "user": 1, "content_type": 14, "object_id": "15", "object_repr": "Man-->Shoes", "action_flag": 1, "change_message": "[{\"added\": {}}]"}}, {"model": "admin.logentry", "pk": 28, "fields": {"action_time": "2022-11-08T11:22:28.292Z", "user": 1, "content_type": 14, "object_id": "16", "object_repr": "Woman-->Shoes", "action_flag": 1, "change_message": "[{\"added\": {}}]"}}, {"model": "admin.logentry", "pk": 29, "fields": {"action_time": "2022-11-08T11:23:45.765Z", "user": 1, "content_type": 14, "object_id": "17", "object_repr": "Man-->Jacket", "action_flag": 1, "change_message": "[{\"added\": {}}]"}}, {"model": "admin.logentry", "pk": 30, "fields": {"action_time": "2022-11-08T11:23:53.958Z", "user": 1, "content_type": 14, "object_id": "18", "object_repr": "Woman-->Jacket", "action_flag": 1, "change_message": "[{\"added\": {}}]"}}, {"model": "admin.logentry", "pk": 31, "fields": {"action_time": "2022-11-08T11:25:15.182Z", "user": 1, "content_type": 14, "object_id": "18", "object_repr": "Woman-->Jacket", "action_flag": 2, "change_message": "[]"}}, {"model": "admin.logentry", "pk": 32, "fields": {"action_time": "2022-11-08T11:25:55.203Z", "user": 1, "content_type": 14, "object_id": "17", "object_repr": "Man-->Jacket", "action_flag": 2, "change_message": "[]"}}, {"model": "admin.logentry", "pk": 33, "fields": {"action_time": "2022-11-08T11:25:57.746Z", "user": 1, "content_type": 14, "object_id": "16", "object_repr": "Woman-->Shoes", "action_flag": 2, "change_message": "[]"}}, {"model": "admin.logentry", "pk": 34, "fields": {"action_time": "2022-11-08T11:26:00.284Z", "user": 1, "content_type": 14, "object_id": "14", "object_repr": "Woman-->Trousers", "action_flag": 2, "change_message": "[]"}}, {"model": "admin.logentry", "pk": 35, "fields": {"action_time": "2022-11-08T11:26:02.625Z", "user": 1, "content_type": 14, "object_id": "13", "object_repr": "Man-->Trousers", "action_flag": 2, "change_message": "[]"}}, {"model": "admin.logentry", "pk": 36, "fields": {"action_time": "2022-11-08T11:26:05.360Z", "user": 1, "content_type": 14, "object_id": "12", "object_repr": "Woman-->Shirt", "action_flag": 2, "change_message": "[]"}}, {"model": "admin.logentry", "pk": 37, "fields": {"action_time": "2022-11-08T11:26:07.767Z", "user": 1, "content_type": 14, "object_id": "11", "object_repr": "Man-->Shirt", "action_flag": 2, "change_message": "[]"}}, {"model": "admin.logentry", "pk": 38, "fields": {"action_time": "2022-11-08T11:26:11.171Z", "user": 1, "content_type": 14, "object_id": "14", "object_repr": "Woman-->Trousers", "action_flag": 2, "change_message": "[]"}}, {"model": "admin.logentry", "pk": 39, "fields": {"action_time": "2022-11-08T11:26:13.951Z", "user": 1, "content_type": 14, "object_id": "13", "object_repr": "Man-->Trousers", "action_flag": 2, "change_message": "[]"}}, {"model": "admin.logentry", "pk": 40, "fields": {"action_time": "2022-11-08T11:26:17.024Z", "user": 1, "content_type": 14, "object_id": "11", "object_repr": "Man-->Shirt", "action_flag": 2, "change_message": "[]"}}, {"model": "admin.logentry", "pk": 41, "fields": {"action_time": "2022-11-08T11:27:28.464Z", "user": 1, "content_type": 14, "object_id": "19", "object_repr": "Woman-->Jacket-->Jeans", "action_flag": 1, "change_message": "[{\"added\": {}}]"}}, {"model": "admin.logentry", "pk": 42, "fields": {"action_time": "2022-11-08T11:28:04.374Z", "user": 1, "content_type": 14, "object_id": "20", "object_repr": "Man-->Jacket-->Jeans", "action_flag": 1, "change_message": "[{\"added\": {}}]"}}, {"model": "admin.logentry", "pk": 43, "fields": {"action_time": "2022-11-08T11:29:18.627Z", "user": 1, "content_type": 15, "object_id": "21", "object_repr": "Discount object (21)", "action_flag": 1, "change_message": "[{\"added\": {}}]"}}, {"model": "admin.logentry", "pk": 44, "fields": {"action_time": "2022-11-08T11:31:17.363Z", "user": 1, "content_type": 16, "object_id": "22", "object_repr": "Man-->Shirt-->LC Waikiki", "action_flag": 1, "change_message": "[{\"added\": {}}]"}}, {"model": "admin.logentry", "pk": 45, "fields": {"action_time": "2022-11-08T11:33:38.041Z", "user": 1, "content_type": 16, "object_id": "22", "object_repr": "Man-->Shirt-->LC Waikiki kisa kollu yaz gomlegi", "action_flag": 2, "change_message": "[{\"changed\": {\"fields\": [\"Title\"]}}]"}}, {"model": "admin.logentry", "pk": 46, "fields": {"action_time": "2022-11-08T11:34:17.783Z", "user": 1, "content_type": 15, "object_id": "23", "object_repr": "50", "action_flag": 1, "change_message": "[{\"added\": {}}]"}}, {"model": "admin.logentry", "pk": 47, "fields": {"action_time": "2022-11-08T11:34:22.922Z", "user": 1, "content_type": 15, "object_id": "24", "object_repr": "10", "action_flag": 1, "change_message": "[{\"added\": {}}]"}}, {"model": "admin.logentry", "pk": 48, "fields": {"action_time": "2022-11-08T11:34:28.795Z", "user": 1, "content_type": 15, "object_id": "25", "object_repr": "15", "action_flag": 1, "change_message": "[{\"added\": {}}]"}}, {"model": "admin.logentry", "pk": 49, "fields": {"action_time": "2022-11-08T11:36:00.930Z", "user": 1, "content_type": 12, "object_id": "26", "object_repr": "Farizakb-->Man-->Shirt-->LC Waikiki kisa kollu yaz gomlegi", "action_flag": 1, "change_message": "[{\"added\": {}}]"}}, {"model": "admin.logentry", "pk": 50, "fields": {"action_time": "2022-11-08T11:36:32.811Z", "user": 1, "content_type": 12, "object_id": "27", "object_repr": "Akbar-->Man-->Shirt-->LC Waikiki kisa kollu yaz gomlegi", "action_flag": 1, "change_message": "[{\"added\": {}}]"}}, {"model": "admin.logentry", "pk": 51, "fields": {"action_time": "2022-11-08T11:38:12.001Z", "user": 1, "content_type": 11, "object_id": "28", "object_repr": "Reng", "action_flag": 1, "change_message": "[{\"added\": {}}]"}}, {"model": "admin.logentry", "pk": 52, "fields": {"action_time": "2022-11-08T11:38:32.750Z", "user": 1, "content_type": 13, "object_id": "29", "object_repr": "Reng-->Butali", "action_flag": 1, "change_message": "[{\"added\": {}}]"}}, {"model": "admin.logentry", "pk": 53, "fields": {"action_time": "2022-11-08T11:38:41.335Z", "user": 1, "content_type": 11, "object_id": "30", "object_repr": "Olcu", "action_flag": 1, "change_message": "[{\"added\": {}}]"}}, {"model": "admin.logentry", "pk": 54, "fields": {"action_time": "2022-11-08T11:38:45.348Z", "user": 1, "content_type": 13, "object_id": "31", "object_repr": "Olcu-->M", "action_flag": 1, "change_message": "[{\"added\": {}}]"}}, {"model": "admin.logentry", "pk": 55, "fields": {"action_time": "2022-11-08T11:38:48.633Z", "user": 1, "content_type": 13, "object_id": "32", "object_repr": "Olcu-->S", "action_flag": 1, "change_message": "[{\"added\": {}}]"}}, {"model": "admin.logentry", "pk": 56, "fields": {"action_time": "2022-11-08T11:38:55.760Z", "user": 1, "content_type": 13, "object_id": "33", "object_repr": "Olcu-->L", "action_flag": 1, "change_message": "[{\"added\": {}}]"}}, {"model": "admin.logentry", "pk": 57, "fields": {"action_time": "2022-11-08T11:39:01.196Z", "user": 1, "content_type": 13, "object_id": "34", "object_repr": "Reng-->Goy", "action_flag": 1, "change_message": "[{\"added\": {}}]"}}, {"model": "admin.logentry", "pk": 58, "fields": {"action_time": "2022-11-08T11:39:06.818Z", "user": 1, "content_type": 13, "object_id": "35", "object_repr": "Reng-->Qirmizi", "action_flag": 1, "change_message": "[{\"added\": {}}]"}}, {"model": "admin.logentry", "pk": 59, "fields": {"action_time": "2022-11-08T11:59:50.318Z", "user": 1, "content_type": 18, "object_id": "36", "object_repr": "Man-->Shirt-->LC Waikiki kisa kollu yaz gomlegi --> Olcu-->M", "action_flag": 1, "change_message": "[{\"added\": {}}]"}}, {"model": "admin.logentry", "pk": 60, "fields": {"action_time": "2022-11-08T12:00:58.340Z", "user": 1, "content_type": 18, "object_id": "36", "object_repr": "Man-->Shirt-->LC Waikiki kisa kollu yaz gomlegi ----> Olcu-->L  (5)", "action_flag": 2, "change_message": "[{\"changed\": {\"fields\": [\"Property value\", \"Count\"]}}]"}}, {"model": "admin.logentry", "pk": 61, "fields": {"action_time": "2022-11-08T12:01:09.572Z", "user": 1, "content_type": 18, "object_id": "37", "object_repr": "Man-->Shirt-->LC Waikiki kisa kollu yaz gomlegi ----> Olcu-->M  (3)", "action_flag": 1, "change_message": "[{\"added\": {}}]"}}, {"model": "admin.logentry", "pk": 62, "fields": {"action_time": "2022-11-08T12:53:04.905Z", "user": 1, "content_type": 17, "object_id": "38", "object_repr": "ProductImages object (38)", "action_flag": 1, "change_message": "[{\"added\": {}}]"}}, {"model": "admin.logentry", "pk": 63, "fields": {"action_time": "2022-11-08T12:53:10.778Z", "user": 1, "content_type": 17, "object_id": "38", "object_repr": "ProductImages object (38)", "action_flag": 2, "change_message": "[]"}}, {"model": "admin.logentry", "pk": 64, "fields": {"action_time": "2022-11-08T12:53:21.303Z", "user": 1, "content_type": 17, "object_id": "39", "object_repr": "ProductImages object (39)", "action_flag": 1, "change_message": "[{\"added\": {}}]"}}, {"model": "admin.logentry", "pk": 65, "fields": {"action_time": "2022-11-08T13:12:30.653Z", "user": 1, "content_type": 16, "object_id": "22", "object_repr": "Man-->Shirt-->LC Waikiki kisa kollu yaz gomlegi(product.PropertyValue.None)", "action_flag": 2, "change_message": "[]"}}, {"model": "admin.logentry", "pk": 66, "fields": {"action_time": "2022-11-08T13:12:45.741Z", "user": 1, "content_type": 16, "object_id": "22", "object_repr": "Man-->Shirt-->LC Waikiki kisa kollu yaz gomlegi(product.PropertyValue.None)", "action_flag": 2, "change_message": "[{\"changed\": {\"fields\": [\"Propert value\"]}}]"}}, {"model": "admin.logentry", "pk": 67, "fields": {"action_time": "2022-11-08T13:15:54.446Z", "user": 1, "content_type": 18, "object_id": "40", "object_repr": "Man-->Shirt-->LC Waikiki kisa kollu yaz gomlegi ----> Reng-->Butali  (2)", "action_flag": 1, "change_message": "[{\"added\": {}}]"}}, {"model": "admin.logentry", "pk": 68, "fields": {"action_time": "2022-11-08T13:17:06.674Z", "user": 1, "content_type": 16, "object_id": "41", "object_repr": "Woman-->Shirt-->Coton Kisa kollu kadin gomlegi", "action_flag": 1, "change_message": "[{\"added\": {}}]"}}, {"model": "admin.logentry", "pk": 69, "fields": {"action_time": "2022-11-08T13:17:28.419Z", "user": 1, "content_type": 18, "object_id": "42", "object_repr": "Woman-->Shirt-->Coton Kisa kollu kadin gomlegi ----> Reng-->Goy  (4)", "action_flag": 1, "change_message": "[{\"added\": {}}]"}}, {"model": "admin.logentry", "pk": 70, "fields": {"action_time": "2022-11-08T16:29:24.515Z", "user": 1, "content_type": 16, "object_id": "43", "object_repr": "Man-->Trousers-->Trendyol Erkek pantalon", "action_flag": 1, "change_message": "[{\"added\": {}}]"}}, {"model": "admin.logentry", "pk": 71, "fields": {"action_time": "2022-11-08T16:30:00.790Z", "user": 1, "content_type": 16, "object_id": "44", "object_repr": "Woman-->Trousers-->Trendyol Kadin pantolon", "action_flag": 1, "change_message": "[{\"added\": {}}]"}}, {"model": "admin.logentry", "pk": 72, "fields": {"action_time": "2022-11-08T16:30:32.110Z", "user": 1, "content_type": 16, "object_id": "45", "object_repr": "Man-->Shoes-->Hermes Erkek ayakkab", "action_flag": 1, "change_message": "[{\"added\": {}}]"}}, {"model": "admin.logentry", "pk": 73, "fields": {"action_time": "2022-11-08T16:31:58.597Z", "user": 1, "content_type": 16, "object_id": "46", "object_repr": "Woman-->Shoes-->Hermes Kadin ayykkabi", "action_flag": 1, "change_message": "[{\"added\": {}}]"}}, {"model": "admin.logentry", "pk": 74, "fields": {"action_time": "2022-11-08T16:32:19.963Z", "user": 1, "content_type": 16, "object_id": "47", "object_repr": "Man-->Jacket-->Zara Erkek Ceket", "action_flag": 1, "change_message": "[{\"added\": {}}]"}}, {"model": "admin.logentry", "pk": 75, "fields": {"action_time": "2022-11-08T16:32:43.304Z", "user": 1, "content_type": 16, "object_id": "48", "object_repr": "Woman-->Jacket-->Zara Kadin ceket", "action_flag": 1, "change_message": "[{\"added\": {}}]"}}, {"model": "admin.logentry", "pk": 76, "fields": {"action_time": "2022-11-08T17:00:12.681Z", "user": 1, "content_type": 16, "object_id": "48", "object_repr": "Woman-->Jacket-->Zara Kadin ceket", "action_flag": 2, "change_message": "[{\"changed\": {\"fields\": [\"Discounts\"]}}]"}}, {"model": "admin.logentry", "pk": 77, "fields": {"action_time": "2022-11-09T03:58:03.640Z", "user": 1, "content_type": 17, "object_id": "49", "object_repr": "s", "action_flag": 1, "change_message": "[{\"added\": {}}]"}}, {"model": "admin.logentry", "pk": 78, "fields": {"action_time": "2022-11-09T03:58:12.963Z", "user": 1, "content_type": 17, "object_id": "50", "object_repr": "s", "action_flag": 1, "change_message": "[{\"added\": {}}]"}}, {"model": "admin.logentry", "pk": 79, "fields": {"action_time": "2022-11-09T03:58:19.891Z", "user": 1, "content_type": 17, "object_id": "51", "object_repr": "s", "action_flag": 1, "change_message": "[{\"added\": {}}]"}}, {"model": "admin.logentry", "pk": 80, "fields": {"action_time": "2022-11-09T03:58:26.284Z", "user": 1, "content_type": 17, "object_id": "52", "object_repr": "s", "action_flag": 1, "change_message": "[{\"added\": {}}]"}}, {"model": "admin.logentry", "pk": 81, "fields": {"action_time": "2022-11-09T03:58:31.808Z", "user": 1, "content_type": 17, "object_id": "53", "object_repr": "s", "action_flag": 1, "change_message": "[{\"added\": {}}]"}}, {"model": "admin.logentry", "pk": 82, "fields": {"action_time": "2022-11-09T03:58:38.020Z", "user": 1, "content_type": 17, "object_id": "54", "object_repr": "s", "action_flag": 1, "change_message": "[{\"added\": {}}]"}}, {"model": "admin.logentry", "pk": 83, "fields": {"action_time": "2022-11-09T03:59:36.890Z", "user": 1, "content_type": 17, "object_id": "54", "object_repr": "Woman-->Jacket-->Zara Kadin ceket", "action_flag": 2, "change_message": "[{\"changed\": {\"fields\": [\"Path\"]}}]"}}, {"model": "admin.logentry", "pk": 84, "fields": {"action_time": "2022-11-09T04:00:20.351Z", "user": 1, "content_type": 16, "object_id": "47", "object_repr": "Man-->Jacket-->Zara Erkek Ceket", "action_flag": 2, "change_message": "[{\"changed\": {\"fields\": [\"Discounts\"]}}]"}}, {"model": "admin.logentry", "pk": 85, "fields": {"action_time": "2022-11-09T04:10:36.121Z", "user": 1, "content_type": 17, "object_id": "54", "object_repr": "Woman-->Jacket-->Zara Kadin ceket", "action_flag": 2, "change_message": "[{\"changed\": {\"fields\": [\"Is main\"]}}]"}}, {"model": "admin.logentry", "pk": 86, "fields": {"action_time": "2022-11-09T04:11:04.609Z", "user": 1, "content_type": 17, "object_id": "54", "object_repr": "Woman-->Jacket-->Zara Kadin ceket", "action_flag": 2, "change_message": "[{\"changed\": {\"fields\": [\"Is main\"]}}]"}}, {"model": "admin.logentry", "pk": 87, "fields": {"action_time": "2022-11-09T04:11:20.744Z", "user": 1, "content_type": 17, "object_id": "55", "object_repr": "Woman-->Jacket-->Zara Kadin ceket", "action_flag": 1, "change_message": "[{\"added\": {}}]"}}, {"model": "admin.logentry", "pk": 88, "fields": {"action_time": "2022-11-09T04:29:53.794Z", "user": 1, "content_type": 13, "object_id": "56", "object_repr": "Reng-->Qara", "action_flag": 1, "change_message": "[{\"added\": {}}]"}}, {"model": "admin.logentry", "pk": 89, "fields": {"action_time": "2022-11-09T04:30:24.554Z", "user": 1, "content_type": 13, "object_id": "57", "object_repr": "Reng-->Ag", "action_flag": 1, "change_message": "[{\"added\": {}}]"}}, {"model": "admin.logentry", "pk": 90, "fields": {"action_time": "2022-11-09T04:30:47.341Z", "user": 1, "content_type": 13, "object_id": "58", "object_repr": "Olcu-->XL", "action_flag": 1, "change_message": "[{\"added\": {}}]"}}, {"model": "admin.logentry", "pk": 91, "fields": {"action_time": "2022-11-09T04:30:56.898Z", "user": 1, "content_type": 13, "object_id": "59", "object_repr": "Olcu-->SL", "action_flag": 1, "change_message": "[{\"added\": {}}]"}}, {"model": "admin.logentry", "pk": 92, "fields": {"action_time": "2022-11-09T04:32:43.756Z", "user": 1, "content_type": 18, "object_id": "60", "object_repr": "Zara Erkek Ceket ----> Olcu-->M  (2)", "action_flag": 1, "change_message": "[{\"added\": {}}]"}}, {"model": "admin.logentry", "pk": 93, "fields": {"action_time": "2022-11-09T04:32:50.937Z", "user": 1, "content_type": 18, "object_id": "61", "object_repr": "Zara Erkek Ceket ----> Olcu-->L  (1)", "action_flag": 1, "change_message": "[{\"added\": {}}]"}}, {"model": "admin.logentry", "pk": 94, "fields": {"action_time": "2022-11-09T04:33:10.119Z", "user": 1, "content_type": 18, "object_id": "62", "object_repr": "Zara Erkek Ceket ----> Reng-->Qara  (2)", "action_flag": 1, "change_message": "[{\"added\": {}}]"}}, {"model": "admin.logentry", "pk": 95, "fields": {"action_time": "2022-11-09T04:33:20.690Z", "user": 1, "content_type": 18, "object_id": "63", "object_repr": "Hermes Erkek ayakkab ----> Reng-->Qara  (3)", "action_flag": 1, "change_message": "[{\"added\": {}}]"}}, {"model": "admin.logentry", "pk": 96, "fields": {"action_time": "2022-11-09T04:33:27.371Z", "user": 1, "content_type": 18, "object_id": "64", "object_repr": "Zara Erkek Ceket ----> Reng-->Ag  (3)", "action_flag": 1, "change_message": "[{\"added\": {}}]"}}, {"model": "admin.logentry", "pk": 97, "fields": {"action_time": "2022-11-09T04:33:33.983Z", "user": 1, "content_type": 18, "object_id": "65", "object_repr": "Zara Kadin ceket ----> Reng-->Qirmizi  (2)", "action_flag": 1, "change_message": "[{\"added\": {}}]"}}, {"model": "admin.logentry", "pk": 98, "fields": {"action_time": "2022-11-09T04:33:42.475Z", "user": 1, "content_type": 18, "object_id": "66", "object_repr": "Trendyol Kadin pantolon ----> Olcu-->M  (2)", "action_flag": 1, "change_message": "[{\"added\": {}}]"}}, {"model": "admin.logentry", "pk": 99, "fields": {"action_time": "2022-11-09T04:33:53.486Z", "user": 1, "content_type": 18, "object_id": "67", "object_repr": "Trendyol Erkek pantalon ----> Olcu-->L  (3)", "action_flag": 1, "change_message": "[{\"added\": {}}]"}}, {"model": "admin.logentry", "pk": 100, "fields": {"action_time": "2022-11-09T04:34:05.622Z", "user": 1, "content_type": 18, "object_id": "68", "object_repr": "Coton Kisa kollu kadin gomlegi ----> Reng-->Ag  (3)", "action_flag": 1, "change_message": "[{\"added\": {}}]"}}, {"model": "admin.logentry", "pk": 101, "fields": {"action_time": "2022-11-09T04:34:14.126Z", "user": 1, "content_type": 18, "object_id": "69", "object_repr": "Hermes Erkek ayakkab ----> Reng-->Butali  (3)", "action_flag": 1, "change_message": "[{\"added\": {}}]"}}, {"model": "auth.permission", "pk": 1, "fields": {"name": "Can add log entry", "content_type": 1, "codename": "add_logentry"}}, {"model": "auth.permission", "pk": 2, "fields": {"name": "Can change log entry", "content_type": 1, "codename": "change_logentry"}}, {"model": "auth.permission", "pk": 3, "fields": {"name": "Can delete log entry", "content_type": 1, "codename": "delete_logentry"}}, {"model": "auth.permission", "pk": 4, "fields": {"name": "Can view log entry", "content_type": 1, "codename": "view_logentry"}}, {"model": "auth.permission", "pk": 5, "fields": {"name": "Can add permission", "content_type": 2, "codename": "add_permission"}}, {"model": "auth.permission", "pk": 6, "fields": {"name": "Can change permission", "content_type": 2, "codename": "change_permission"}}, {"model": "auth.permission", "pk": 7, "fields": {"name": "Can delete permission", "content_type": 2, "codename": "delete_permission"}}, {"model": "auth.permission", "pk": 8, "fields": {"name": "Can view permission", "content_type": 2, "codename": "view_permission"}}, {"model": "auth.permission", "pk": 9, "fields": {"name": "Can add group", "content_type": 3, "codename": "add_group"}}, {"model": "auth.permission", "pk": 10, "fields": {"name": "Can change group", "content_type": 3, "codename": "change_group"}}, {"model": "auth.permission", "pk": 11, "fields": {"name": "Can delete group", "content_type": 3, "codename": "delete_group"}}, {"model": "auth.permission", "pk": 12, "fields": {"name": "Can view group", "content_type": 3, "codename": "view_group"}}, {"model": "auth.permission", "pk": 13, "fields": {"name": "Can add content type", "content_type": 4, "codename": "add_contenttype"}}, {"model": "auth.permission", "pk": 14, "fields": {"name": "Can change content type", "content_type": 4, "codename": "change_contenttype"}}, {"model": "auth.permission", "pk": 15, "fields": {"name": "Can delete content type", "content_type": 4, "codename": "delete_contenttype"}}, {"model": "auth.permission", "pk": 16, "fields": {"name": "Can view content type", "content_type": 4, "codename": "view_contenttype"}}, {"model": "auth.permission", "pk": 17, "fields": {"name": "Can add session", "content_type": 5, "codename": "add_session"}}, {"model": "auth.permission", "pk": 18, "fields": {"name": "Can change session", "content_type": 5, "codename": "change_session"}}, {"model": "auth.permission", "pk": 19, "fields": {"name": "Can delete session", "content_type": 5, "codename": "delete_session"}}, {"model": "auth.permission", "pk": 20, "fields": {"name": "Can view session", "content_type": 5, "codename": "view_session"}}, {"model": "auth.permission", "pk": 21, "fields": {"name": "Can add user", "content_type": 6, "codename": "add_user"}}, {"model": "auth.permission", "pk": 22, "fields": {"name": "Can change user", "content_type": 6, "codename": "change_user"}}, {"model": "auth.permission", "pk": 23, "fields": {"name": "Can delete user", "content_type": 6, "codename": "delete_user"}}, {"model": "auth.permission", "pk": 24, "fields": {"name": "Can view user", "content_type": 6, "codename": "view_user"}}, {"model": "auth.permission", "pk": 25, "fields": {"name": "Can add contact", "content_type": 7, "codename": "add_contact"}}, {"model": "auth.permission", "pk": 26, "fields": {"name": "Can change contact", "content_type": 7, "codename": "change_contact"}}, {"model": "auth.permission", "pk": 27, "fields": {"name": "Can delete contact", "content_type": 7, "codename": "delete_contact"}}, {"model": "auth.permission", "pk": 28, "fields": {"name": "Can view contact", "content_type": 7, "codename": "view_contact"}}, {"model": "auth.permission", "pk": 29, "fields": {"name": "Can add abstract model", "content_type": 8, "codename": "add_abstractmodel"}}, {"model": "auth.permission", "pk": 30, "fields": {"name": "Can change abstract model", "content_type": 8, "codename": "change_abstractmodel"}}, {"model": "auth.permission", "pk": 31, "fields": {"name": "Can delete abstract model", "content_type": 8, "codename": "delete_abstractmodel"}}, {"model": "auth.permission", "pk": 32, "fields": {"name": "Can view abstract model", "content_type": 8, "codename": "view_abstractmodel"}}, {"model": "auth.permission", "pk": 33, "fields": {"name": "Can add blog", "content_type": 9, "codename": "add_blog"}}, {"model": "auth.permission", "pk": 34, "fields": {"name": "Can change blog", "content_type": 9, "codename": "change_blog"}}, {"model": "auth.permission", "pk": 35, "fields": {"name": "Can delete blog", "content_type": 9, "codename": "delete_blog"}}, {"model": "auth.permission", "pk": 36, "fields": {"name": "Can view blog", "content_type": 9, "codename": "view_blog"}}, {"model": "auth.permission", "pk": 37, "fields": {"name": "Can add blog comment", "content_type": 10, "codename": "add_blogcomment"}}, {"model": "auth.permission", "pk": 38, "fields": {"name": "Can change blog comment", "content_type": 10, "codename": "change_blogcomment"}}, {"model": "auth.permission", "pk": 39, "fields": {"name": "Can delete blog comment", "content_type": 10, "codename": "delete_blogcomment"}}, {"model": "auth.permission", "pk": 40, "fields": {"name": "Can view blog comment", "content_type": 10, "codename": "view_blogcomment"}}, {"model": "auth.permission", "pk": 41, "fields": {"name": "Can add property", "content_type": 11, "codename": "add_property"}}, {"model": "auth.permission", "pk": 42, "fields": {"name": "Can change property", "content_type": 11, "codename": "change_property"}}, {"model": "auth.permission", "pk": 43, "fields": {"name": "Can delete property", "content_type": 11, "codename": "delete_property"}}, {"model": "auth.permission", "pk": 44, "fields": {"name": "Can view property", "content_type": 11, "codename": "view_property"}}, {"model": "auth.permission", "pk": 45, "fields": {"name": "Can add product comment", "content_type": 12, "codename": "add_productcomment"}}, {"model": "auth.permission", "pk": 46, "fields": {"name": "Can change product comment", "content_type": 12, "codename": "change_productcomment"}}, {"model": "auth.permission", "pk": 47, "fields": {"name": "Can delete product comment", "content_type": 12, "codename": "delete_productcomment"}}, {"model": "auth.permission", "pk": 48, "fields": {"name": "Can view product comment", "content_type": 12, "codename": "view_productcomment"}}, {"model": "auth.permission", "pk": 49, "fields": {"name": "Can add property value", "content_type": 13, "codename": "add_propertyvalue"}}, {"model": "auth.permission", "pk": 50, "fields": {"name": "Can change property value", "content_type": 13, "codename": "change_propertyvalue"}}, {"model": "auth.permission", "pk": 51, "fields": {"name": "Can delete property value", "content_type": 13, "codename": "delete_propertyvalue"}}, {"model": "auth.permission", "pk": 52, "fields": {"name": "Can view property value", "content_type": 13, "codename": "view_propertyvalue"}}, {"model": "auth.permission", "pk": 53, "fields": {"name": "Can add category", "content_type": 14, "codename": "add_category"}}, {"model": "auth.permission", "pk": 54, "fields": {"name": "Can change category", "content_type": 14, "codename": "change_category"}}, {"model": "auth.permission", "pk": 55, "fields": {"name": "Can delete category", "content_type": 14, "codename": "delete_category"}}, {"model": "auth.permission", "pk": 56, "fields": {"name": "Can view category", "content_type": 14, "codename": "view_category"}}, {"model": "auth.permission", "pk": 57, "fields": {"name": "Can add discount", "content_type": 15, "codename": "add_discount"}}, {"model": "auth.permission", "pk": 58, "fields": {"name": "Can change discount", "content_type": 15, "codename": "change_discount"}}, {"model": "auth.permission", "pk": 59, "fields": {"name": "Can delete discount", "content_type": 15, "codename": "delete_discount"}}, {"model": "auth.permission", "pk": 60, "fields": {"name": "Can view discount", "content_type": 15, "codename": "view_discount"}}, {"model": "auth.permission", "pk": 61, "fields": {"name": "Can add product", "content_type": 16, "codename": "add_product"}}, {"model": "auth.permission", "pk": 62, "fields": {"name": "Can change product", "content_type": 16, "codename": "change_product"}}, {"model": "auth.permission", "pk": 63, "fields": {"name": "Can delete product", "content_type": 16, "codename": "delete_product"}}, {"model": "auth.permission", "pk": 64, "fields": {"name": "Can view product", "content_type": 16, "codename": "view_product"}}, {"model": "auth.permission", "pk": 65, "fields": {"name": "Can add product images", "content_type": 17, "codename": "add_productimages"}}, {"model": "auth.permission", "pk": 66, "fields": {"name": "Can change product images", "content_type": 17, "codename": "change_productimages"}}, {"model": "auth.permission", "pk": 67, "fields": {"name": "Can delete product images", "content_type": 17, "codename": "delete_productimages"}}, {"model": "auth.permission", "pk": 68, "fields": {"name": "Can view product images", "content_type": 17, "codename": "view_productimages"}}, {"model": "auth.permission", "pk": 69, "fields": {"name": "Can add product property value", "content_type": 18, "codename": "add_productpropertyvalue"}}, {"model": "auth.permission", "pk": 70, "fields": {"name": "Can change product property value", "content_type": 18, "codename": "change_productpropertyvalue"}}, {"model": "auth.permission", "pk": 71, "fields": {"name": "Can delete product property value", "content_type": 18, "codename": "delete_productpropertyvalue"}}, {"model": "auth.permission", "pk": 72, "fields": {"name": "Can view product property value", "content_type": 18, "codename": "view_productpropertyvalue"}}, {"model": "contenttypes.contenttype", "pk": 1, "fields": {"app_label": "admin", "model": "logentry"}}, {"model": "contenttypes.contenttype", "pk": 2, "fields": {"app_label": "auth", "model": "permission"}}, {"model": "contenttypes.contenttype", "pk": 3, "fields": {"app_label": "auth", "model": "group"}}, {"model": "contenttypes.contenttype", "pk": 4, "fields": {"app_label": "contenttypes", "model": "contenttype"}}, {"model": "contenttypes.contenttype", "pk": 5, "fields": {"app_label": "sessions", "model": "session"}}, {"model": "contenttypes.contenttype", "pk": 6, "fields": {"app_label": "account", "model": "user"}}, {"model": "contenttypes.contenttype", "pk": 7, "fields": {"app_label": "core", "model": "contact"}}, {"model": "contenttypes.contenttype", "pk": 8, "fields": {"app_label": "blog", "model": "abstractmodel"}}, {"model": "contenttypes.contenttype", "pk": 9, "fields": {"app_label": "blog", "model": "blog"}}, {"model": "contenttypes.contenttype", "pk": 10, "fields": {"app_label": "blog", "model": "blogcomment"}}, {"model": "contenttypes.contenttype", "pk": 11, "fields": {"app_label": "product", "model": "property"}}, {"model": "contenttypes.contenttype", "pk": 12, "fields": {"app_label": "product", "model": "productcomment"}}, {"model": "contenttypes.contenttype", "pk": 13, "fields": {"app_label": "product", "model": "propertyvalue"}}, {"model": "contenttypes.contenttype", "pk": 14, "fields": {"app_label": "product", "model": "category"}}, {"model": "contenttypes.contenttype", "pk": 15, "fields": {"app_label": "product", "model": "discount"}}, {"model": "contenttypes.contenttype", "pk": 16, "fields": {"app_label": "product", "model": "product"}}, {"model": "contenttypes.contenttype", "pk": 17, "fields": {"app_label": "product", "model": "productimages"}}, {"model": "contenttypes.contenttype", "pk": 18, "fields": {"app_label": "product", "model": "productpropertyvalue"}}, {"model": "sessions.session", "pk": "rxp4za5rrtfi2g7uerm9oqb58ojsqosg", "fields": {"session_data": ".eJxVjEEOwiAQRe_C2pBigQGX7nsGMgODVA0kpV0Z765NutDtf-_9lwi4rSVsnZcwJ3ERSpx-N8L44LqDdMd6azK2ui4zyV2RB-1yaomf18P9OyjYy7fWPmaOfoScrRqSBYARFEVODqxjysTKInn0WrnIJhmlic7ZuMHbDCjeH_zwOIU:1osGdr:h6BMS0UHAHzJKYV1xSLioDTKXXmjFNXeMKY9D5VFQek", "expire_date": "2022-11-22T04:55:19.890Z"}}, {"model": "core.contact", "pk": 8, "fields": {"name": "Fariz", "email": "farizakb090@gmail.com", "subject": "Elesgerle elaqe", "message": "Haqlisan dostumHaqlisan dostumHaqlisan dostumHaqlisan dostumHaqlisan dostumHaqlisan dostumHaqlisan dostumHaqlisan dostumHaqlisan dostumHaqlisan dostumHaqlisan dostumHaqlisan dostumHaqlisan dostumHaqlisan dostumHaqlisan dostumHaqlisan dostumHaqlisan dostumHaqlisan dostumHaqlisan dostumHaqlisan dostumHaqlisan dostum"}}, {"model": "blog.abstractmodel", "pk": 1, "fields": {"created_at": "2022-11-08T10:44:30.601Z", "updated_at": "2022-11-08T10:53:33.219Z"}}, {"model": "blog.abstractmodel", "pk": 2, "fields": {"created_at": "2022-11-08T10:47:17.134Z", "updated_at": "2022-11-08T10:53:30.229Z"}}, {"model": "blog.abstractmodel", "pk": 3, "fields": {"created_at": "2022-11-08T10:48:12.562Z", "updated_at": "2022-11-08T10:53:20.738Z"}}, {"model": "blog.abstractmodel", "pk": 4, "fields": {"created_at": "2022-11-08T10:54:49.537Z", "updated_at": "2022-11-08T10:54:49.537Z"}}, {"model": "blog.abstractmodel", "pk": 5, "fields": {"created_at": "2022-11-08T10:54:57.065Z", "updated_at": "2022-11-08T10:54:57.065Z"}}, {"model": "blog.abstractmodel", "pk": 6, "fields": {"created_at": "2022-11-08T10:55:03.210Z", "updated_at": "2022-11-08T10:55:03.210Z"}}, {"model": "blog.abstractmodel", "pk": 7, "fields": {"created_at": "2022-11-08T10:55:14.480Z", "updated_at": "2022-11-08T10:55:14.480Z"}}, {"model": "blog.abstractmodel", "pk": 8, "fields": {"created_at": "2022-11-08T11:18:23.221Z", "updated_at": "2022-11-08T11:18:23.221Z"}}, {"model": "blog.abstractmodel", "pk": 9, "fields": {"created_at": "2022-11-08T11:20:19.870Z", "updated_at": "2022-11-08T11:20:30.124Z"}}, {"model": "blog.abstractmodel", "pk": 10, "fields": {"created_at": "2022-11-08T11:20:39.087Z", "updated_at": "2022-11-08T11:20:39.087Z"}}, {"model": "blog.abstractmodel", "pk": 11, "fields": {"created_at": "2022-11-08T11:20:48.488Z", "updated_at": "2022-11-08T11:26:17.018Z"}}, {"model": "blog.abstractmodel", "pk": 12, "fields": {"created_at": "2022-11-08T11:20:58.981Z", "updated_at": "2022-11-08T11:26:05.354Z"}}, {"model": "blog.abstractmodel", "pk": 13, "fields": {"created_at": "2022-11-08T11:21:43.266Z", "updated_at": "2022-11-08T11:26:13.946Z"}}, {"model": "blog.abstractmodel", "pk": 14, "fields": {"created_at": "2022-11-08T11:21:49.047Z", "updated_at": "2022-11-08T11:26:11.165Z"}}, {"model": "blog.abstractmodel", "pk": 15, "fields": {"created_at": "2022-11-08T11:22:21.709Z", "updated_at": "2022-11-08T11:22:21.709Z"}}, {"model": "blog.abstractmodel", "pk": 16, "fields": {"created_at": "2022-11-08T11:22:28.286Z", "updated_at": "2022-11-08T11:25:57.740Z"}}, {"model": "blog.abstractmodel", "pk": 17, "fields": {"created_at": "2022-11-08T11:23:45.762Z", "updated_at": "2022-11-08T11:25:55.197Z"}}, {"model": "blog.abstractmodel", "pk": 18, "fields": {"created_at": "2022-11-08T11:23:53.955Z", "updated_at": "2022-11-08T11:25:15.173Z"}}, {"model": "blog.abstractmodel", "pk": 19, "fields": {"created_at": "2022-11-08T11:27:28.455Z", "updated_at": "2022-11-08T11:27:28.455Z"}}, {"model": "blog.abstractmodel", "pk": 20, "fields": {"created_at": "2022-11-08T11:28:04.366Z", "updated_at": "2022-11-08T11:28:04.367Z"}}, {"model": "blog.abstractmodel", "pk": 21, "fields": {"created_at": "2022-11-08T11:29:18.623Z", "updated_at": "2022-11-08T11:29:18.623Z"}}, {"model": "blog.abstractmodel", "pk": 22, "fields": {"created_at": "2022-11-08T11:31:17.349Z", "updated_at": "2022-11-08T13:12:45.729Z"}}, {"model": "blog.abstractmodel", "pk": 23, "fields": {"created_at": "2022-11-08T11:34:17.778Z", "updated_at": "2022-11-08T11:34:17.778Z"}}, {"model": "blog.abstractmodel", "pk": 24, "fields": {"created_at": "2022-11-08T11:34:22.918Z", "updated_at": "2022-11-08T11:34:22.918Z"}}, {"model": "blog.abstractmodel", "pk": 25, "fields": {"created_at": "2022-11-08T11:34:28.789Z", "updated_at": "2022-11-08T11:34:28.789Z"}}, {"model": "blog.abstractmodel", "pk": 26, "fields": {"created_at": "2022-11-08T11:36:00.922Z", "updated_at": "2022-11-08T11:36:00.922Z"}}, {"model": "blog.abstractmodel", "pk": 27, "fields": {"created_at": "2022-11-08T11:36:32.799Z", "updated_at": "2022-11-08T11:36:32.799Z"}}, {"model": "blog.abstractmodel", "pk": 28, "fields": {"created_at": "2022-11-08T11:38:11.993Z", "updated_at": "2022-11-08T11:38:11.993Z"}}, {"model": "blog.abstractmodel", "pk": 29, "fields": {"created_at": "2022-11-08T11:38:32.746Z", "updated_at": "2022-11-08T11:38:32.746Z"}}, {"model": "blog.abstractmodel", "pk": 30, "fields": {"created_at": "2022-11-08T11:38:41.329Z", "updated_at": "2022-11-08T11:38:41.329Z"}}, {"model": "blog.abstractmodel", "pk": 31, "fields": {"created_at": "2022-11-08T11:38:45.344Z", "updated_at": "2022-11-08T11:38:45.344Z"}}, {"model": "blog.abstractmodel", "pk": 32, "fields": {"created_at": "2022-11-08T11:38:48.628Z", "updated_at": "2022-11-08T11:38:48.628Z"}}, {"model": "blog.abstractmodel", "pk": 33, "fields": {"created_at": "2022-11-08T11:38:55.755Z", "updated_at": "2022-11-08T11:38:55.755Z"}}, {"model": "blog.abstractmodel", "pk": 34, "fields": {"created_at": "2022-11-08T11:39:01.191Z", "updated_at": "2022-11-08T11:39:01.191Z"}}, {"model": "blog.abstractmodel", "pk": 35, "fields": {"created_at": "2022-11-08T11:39:06.813Z", "updated_at": "2022-11-08T11:39:06.813Z"}}, {"model": "blog.abstractmodel", "pk": 36, "fields": {"created_at": "2022-11-08T11:59:50.307Z", "updated_at": "2022-11-08T12:00:58.328Z"}}, {"model": "blog.abstractmodel", "pk": 37, "fields": {"created_at": "2022-11-08T12:01:09.561Z", "updated_at": "2022-11-08T12:01:09.561Z"}}, {"model": "blog.abstractmodel", "pk": 38, "fields": {"created_at": "2022-11-08T12:53:04.895Z", "updated_at": "2022-11-08T12:53:10.774Z"}}, {"model": "blog.abstractmodel", "pk": 39, "fields": {"created_at": "2022-11-08T12:53:21.296Z", "updated_at": "2022-11-08T12:53:21.296Z"}}, {"model": "blog.abstractmodel", "pk": 40, "fields": {"created_at": "2022-11-08T13:15:54.431Z", "updated_at": "2022-11-08T13:15:54.431Z"}}, {"model": "blog.abstractmodel", "pk": 41, "fields": {"created_at": "2022-11-08T13:17:06.663Z", "updated_at": "2022-11-08T13:17:06.663Z"}}, {"model": "blog.abstractmodel", "pk": 42, "fields": {"created_at": "2022-11-08T13:17:28.410Z", "updated_at": "2022-11-08T13:17:28.410Z"}}, {"model": "blog.abstractmodel", "pk": 43, "fields": {"created_at": "2022-11-08T16:29:24.500Z", "updated_at": "2022-11-08T16:29:24.501Z"}}, {"model": "blog.abstractmodel", "pk": 44, "fields": {"created_at": "2022-11-08T16:30:00.781Z", "updated_at": "2022-11-08T16:30:00.781Z"}}, {"model": "blog.abstractmodel", "pk": 45, "fields": {"created_at": "2022-11-08T16:30:32.100Z", "updated_at": "2022-11-08T16:30:32.100Z"}}, {"model": "blog.abstractmodel", "pk": 46, "fields": {"created_at": "2022-11-08T16:31:58.586Z", "updated_at": "2022-11-08T16:31:58.586Z"}}, {"model": "blog.abstractmodel", "pk": 47, "fields": {"created_at": "2022-11-08T16:32:19.954Z", "updated_at": "2022-11-09T04:00:20.343Z"}}, {"model": "blog.abstractmodel", "pk": 48, "fields": {"created_at": "2022-11-08T16:32:43.295Z", "updated_at": "2022-11-08T17:00:12.671Z"}}, {"model": "blog.abstractmodel", "pk": 49, "fields": {"created_at": "2022-11-09T03:58:03.630Z", "updated_at": "2022-11-09T03:58:03.630Z"}}, {"model": "blog.abstractmodel", "pk": 50, "fields": {"created_at": "2022-11-09T03:58:12.954Z", "updated_at": "2022-11-09T03:58:12.954Z"}}, {"model": "blog.abstractmodel", "pk": 51, "fields": {"created_at": "2022-11-09T03:58:19.882Z", "updated_at": "2022-11-09T03:58:19.882Z"}}, {"model": "blog.abstractmodel", "pk": 52, "fields": {"created_at": "2022-11-09T03:58:26.276Z", "updated_at": "2022-11-09T03:58:26.276Z"}}, {"model": "blog.abstractmodel", "pk": 53, "fields": {"created_at": "2022-11-09T03:58:31.800Z", "updated_at": "2022-11-09T03:58:31.800Z"}}, {"model": "blog.abstractmodel", "pk": 54, "fields": {"created_at": "2022-11-09T03:58:38.011Z", "updated_at": "2022-11-09T04:11:04.599Z"}}, {"model": "blog.abstractmodel", "pk": 55, "fields": {"created_at": "2022-11-09T04:11:20.725Z", "updated_at": "2022-11-09T04:11:20.726Z"}}, {"model": "blog.abstractmodel", "pk": 56, "fields": {"created_at": "2022-11-09T04:29:53.785Z", "updated_at": "2022-11-09T04:29:53.785Z"}}, {"model": "blog.abstractmodel", "pk": 57, "fields": {"created_at": "2022-11-09T04:30:24.547Z", "updated_at": "2022-11-09T04:30:24.547Z"}}, {"model": "blog.abstractmodel", "pk": 58, "fields": {"created_at": "2022-11-09T04:30:47.335Z", "updated_at": "2022-11-09T04:30:47.335Z"}}, {"model": "blog.abstractmodel", "pk": 59, "fields": {"created_at": "2022-11-09T04:30:56.892Z", "updated_at": "2022-11-09T04:30:56.892Z"}}, {"model": "blog.abstractmodel", "pk": 60, "fields": {"created_at": "2022-11-09T04:32:43.745Z", "updated_at": "2022-11-09T04:32:43.745Z"}}, {"model": "blog.abstractmodel", "pk": 61, "fields": {"created_at": "2022-11-09T04:32:50.931Z", "updated_at": "2022-11-09T04:32:50.931Z"}}, {"model": "blog.abstractmodel", "pk": 62, "fields": {"created_at": "2022-11-09T04:33:10.111Z", "updated_at": "2022-11-09T04:33:10.111Z"}}, {"model": "blog.abstractmodel", "pk": 63, "fields": {"created_at": "2022-11-09T04:33:20.681Z", "updated_at": "2022-11-09T04:33:20.681Z"}}, {"model": "blog.abstractmodel", "pk": 64, "fields": {"created_at": "2022-11-09T04:33:27.364Z", "updated_at": "2022-11-09T04:33:27.364Z"}}, {"model": "blog.abstractmodel", "pk": 65, "fields": {"created_at": "2022-11-09T04:33:33.975Z", "updated_at": "2022-11-09T04:33:33.975Z"}}, {"model": "blog.abstractmodel", "pk": 66, "fields": {"created_at": "2022-11-09T04:33:42.466Z", "updated_at": "2022-11-09T04:33:42.466Z"}}, {"model": "blog.abstractmodel", "pk": 67, "fields": {"created_at": "2022-11-09T04:33:53.476Z", "updated_at": "2022-11-09T04:33:53.476Z"}}, {"model": "blog.abstractmodel", "pk": 68, "fields": {"created_at": "2022-11-09T04:34:05.616Z", "updated_at": "2022-11-09T04:34:05.616Z"}}, {"model": "blog.abstractmodel", "pk": 69, "fields": {"created_at": "2022-11-09T04:34:14.119Z", "updated_at": "2022-11-09T04:34:14.119Z"}}, {"model": "blog.blog", "pk": 1, "fields": {"author": 1, "title": "the weather is nice in summer", "slug": "the-weather-is-nice-in-summer", "short_description": "clothes change because the weather is nice", "description": "clothes change because the weather is nice clothes change because the weather is nice clothes change because the weather is nice clothes change because the weather is nice clothes change because the weather is nice", "image": "blog/1.jpg"}}, {"model": "blog.blog", "pk": 2, "fields": {"author": 2, "title": "in winter it gets cold", "slug": "in-winter-it-gets-cold", "short_description": "Clothes change as the weather gets colder", "description": "Clothes change as the weather gets colder Clothes change as the weather gets colder Clothes change as the weather gets colder Clothes change as the weather gets colder Clothes change as the weather gets colder", "image": "blog/2.jpg"}}, {"model": "blog.blog", "pk": 3, "fields": {"author": 3, "title": "Spring is beautiful", "slug": "spring-is-beautiful", "short_description": "when the weather is nice, their clothes will be nice too", "description": "when the weather is nice, their clothes will be nice too when the weather is nice, their clothes will be nice too when the weather is nice, their clothes will be nice too when the weather is nice, their clothes will be nice toowhen the weather is nice, their clothes will be nice toowhen the weather is nice, their clothes will be nice too when the weather is nice, their clothes will be nice too", "image": "blog/3.jpg"}}, {"model": "blog.blogcomment", "pk": 4, "fields": {"author": 3, "blogs": 1, "content": "Haqlisan dostum"}}, {"model": "blog.blogcomment", "pk": 5, "fields": {"author": 4, "blogs": 1, "content": "Haqlisan dostum"}}, {"model": "blog.blogcomment", "pk": 6, "fields": {"author": 1, "blogs": 3, "content": "Haqlisan dostum"}}, {"model": "blog.blogcomment", "pk": 7, "fields": {"author": 2, "blogs": 3, "content": "Haqlisan dostum"}}, {"model": "product.discount", "pk": 21, "fields": {"value": 25, "is_percentage": true}}, {"model": "product.discount", "pk": 23, "fields": {"value": 50, "is_percentage": true}}, {"model": "product.discount", "pk": 24, "fields": {"value": 10, "is_percentage": false}}, {"model": "product.discount", "pk": 25, "fields": {"value": 15, "is_percentage": true}}, {"model": "product.category", "pk": 9, "fields": {"parent_category": null, "name": "Man", "slug": "man"}}, {"model": "product.category", "pk": 10, "fields": {"parent_category": null, "name": "Woman", "slug": "woman"}}, {"model": "product.category", "pk": 11, "fields": {"parent_category": 9, "name": "Shirt", "slug": "man-shirt"}}, {"model": "product.category", "pk": 12, "fields": {"parent_category": 10, "name": "Shirt", "slug": "woman-shirt"}}, {"model": "product.category", "pk": 13, "fields": {"parent_category": 9, "name": "Trousers", "slug": "man-trousers"}}, {"model": "product.category", "pk": 14, "fields": {"parent_category": 10, "name": "Trousers", "slug": "woman-trousers"}}, {"model": "product.category", "pk": 15, "fields": {"parent_category": 9, "name": "Shoes", "slug": "shoes"}}, {"model": "product.category", "pk": 16, "fields": {"parent_category": 10, "name": "Shoes", "slug": "woman-shoes"}}, {"model": "product.category", "pk": 17, "fields": {"parent_category": 9, "name": "Jacket", "slug": "man-jacket"}}, {"model": "product.category", "pk": 18, "fields": {"parent_category": 10, "name": "Jacket", "slug": "woman-jacket"}}, {"model": "product.category", "pk": 19, "fields": {"parent_category": 18, "name": "Jeans", "slug": "woman-jacket-jeans"}}, {"model": "product.category", "pk": 20, "fields": {"parent_category": 17, "name": "Jeans", "slug": "man-jacket-jeans"}}, {"model": "product.property", "pk": 28, "fields": {"title": "Reng", "category": []}}, {"model": "product.property", "pk": 30, "fields": {"title": "Olcu", "category": []}}, {"model": "product.propertyvalue", "pk": 29, "fields": {"properties": 28, "title": "Butali"}}, {"model": "product.propertyvalue", "pk": 31, "fields": {"properties": 30, "title": "M"}}, {"model": "product.propertyvalue", "pk": 32, "fields": {"properties": 30, "title": "S"}}, {"model": "product.propertyvalue", "pk": 33, "fields": {"properties": 30, "title": "L"}}, {"model": "product.propertyvalue", "pk": 34, "fields": {"properties": 28, "title": "Goy"}}, {"model": "product.propertyvalue", "pk": 35, "fields": {"properties": 28, "title": "Qirmizi"}}, {"model": "product.propertyvalue", "pk": 56, "fields": {"properties": 28, "title": "Qara"}}, {"model": "product.propertyvalue", "pk": 57, "fields": {"properties": 28, "title": "Ag"}}, {"model": "product.propertyvalue", "pk": 58, "fields": {"properties": 30, "title": "XL"}}, {"model": "product.propertyvalue", "pk": 59, "fields": {"properties": 30, "title": "SL"}}, {"model": "product.product", "pk": 22, "fields": {"categories": 11, "discounts": 21, "price": "150.00", "title": "LC Waikiki kisa kollu yaz gomlegi", "slug": "lc-waikiki-kisa-kollu-yaz-gomlegi", "code": 261919, "short_description": "Temiz yaz malidi"}}, {"model": "product.product", "pk": 41, "fields": {"categories": 12, "discounts": null, "price": "100.00", "title": "Coton Kisa kollu kadin gomlegi", "slug": "coton-kisa-kollu-kadin-gomlegi", "code": 623435, "short_description": null}}, {"model": "product.product", "pk": 43, "fields": {"categories": 13, "discounts": null, "price": "120.00", "title": "Trendyol Erkek pantalon", "slug": "trendyol-erkek-pantalon", "code": 46546, "short_description": null}}, {"model": "product.product", "pk": 44, "fields": {"categories": 14, "discounts": null, "price": "110.00", "title": "Trendyol Kadin pantolon", "slug": "trendyol-kadin-pantolon", "code": 640959, "short_description": null}}, {"model": "product.product", "pk": 45, "fields": {"categories": 15, "discounts": 24, "price": "150.00", "title": "Hermes Erkek ayakkab", "slug": "hermes-erkek-ayakkab", "code": 2432421, "short_description": null}}, {"model": "product.product", "pk": 46, "fields": {"categories": 16, "discounts": null, "price": "125.00", "title": "Hermes Kadin ayykkabi", "slug": "hermes-kadin-ayykkabi", "code": 46546, "short_description": null}}, {"model": "product.product", "pk": 47, "fields": {"categories": 17, "discounts": 21, "price": "200.00", "title": "Zara Erkek Ceket", "slug": "zara-erkek-ceket", "code": 54132, "short_description": null}}, {"model": "product.product", "pk": 48, "fields": {"categories": 18, "discounts": 21, "price": "300.00", "title": "Zara Kadin ceket", "slug": "zara-kadin-ceket", "code": 261918, "short_description": null}}, {"model": "product.productcomment", "pk": 26, "fields": {"author": 1, "products": 22, "content": "Qaqa sozun acigi pis koyney deil. Konkret qaqa koyneyidir.", "review": "5"}}, {"model": "product.productcomment", "pk": 27, "fields": {"author": 3, "products": 22, "content": "Dosutum gozeldir. Ama qaqalara yarasmaz.", "review": "3"}}, {"model": "product.productimages", "pk": 38, "fields": {"products": 22, "path": "product_image/1.jpg", "is_main": true}}, {"model": "product.productimages", "pk": 39, "fields": {"products": 22, "path": "product_image/2.jpg", "is_main": true}}, {"model": "product.productimages", "pk": 49, "fields": {"products": 41, "path": "product_image/2_PGx8CNL.jpg", "is_main": true}}, {"model": "product.productimages", "pk": 50, "fields": {"products": 43, "path": "product_image/3.jpg", "is_main": true}}, {"model": "product.productimages", "pk": 51, "fields": {"products": 45, "path": "product_image/4.jpg", "is_main": true}}, {"model": "product.productimages", "pk": 52, "fields": {"products": 46, "path": "product_image/5.jpg", "is_main": true}}, {"model": "product.productimages", "pk": 53, "fields": {"products": 47, "path": "product_image/7.jpg", "is_main": true}}, {"model": "product.productimages", "pk": 54, "fields": {"products": 48, "path": "product_image/10_UbYipXC.jpg", "is_main": true}}, {"model": "product.productimages", "pk": 55, "fields": {"products": 48, "path": "product_image/9.jpg", "is_main": true}}, {"model": "product.productpropertyvalue", "pk": 40, "fields": {"product_id": 22, "property_value": 29, "count": 2}}, {"model": "product.productpropertyvalue", "pk": 42, "fields": {"product_id": 41, "property_value": 34, "count": 4}}, {"model": "product.productpropertyvalue", "pk": 60, "fields": {"product_id": 47, "property_value": 31, "count": 2}}, {"model": "product.productpropertyvalue", "pk": 61, "fields": {"product_id": 47, "property_value": 33, "count": 1}}, {"model": "product.productpropertyvalue", "pk": 62, "fields": {"product_id": 47, "property_value": 56, "count": 2}}, {"model": "product.productpropertyvalue", "pk": 63, "fields": {"product_id": 45, "property_value": 56, "count": 3}}, {"model": "product.productpropertyvalue", "pk": 64, "fields": {"product_id": 47, "property_value": 57, "count": 3}}, {"model": "product.productpropertyvalue", "pk": 65, "fields": {"product_id": 48, "property_value": 35, "count": 2}}, {"model": "product.productpropertyvalue", "pk": 66, "fields": {"product_id": 44, "property_value": 31, "count": 2}}, {"model": "product.productpropertyvalue", "pk": 67, "fields": {"product_id": 43, "property_value": 33, "count": 3}}, {"model": "product.productpropertyvalue", "pk": 68, "fields": {"product_id": 41, "property_value": 57, "count": 3}}, {"model": "product.productpropertyvalue", "pk": 69, "fields": {"product_id": 45, "property_value": 29, "count": 3}}, {"model": "account.user", "pk": 1, "fields": {"password": "pbkdf2_sha256$390000$KWo9blew6MZdCf7J5BYxvA$OzwEO7ILbJ2WZ3j16fWTuHWmQj2P/z345rdG6BRrHpU=", "last_login": "2022-11-08T04:55:19.882Z", "is_superuser": true, "username": "Farizakb", "first_name": "", "last_name": "", "email": "farizakbarzada@gmail.com", "is_staff": true, "is_active": true, "date_joined": "2022-11-08T04:54:43.502Z", "number": null, "birthday": null, "gender": null, "groups": [], "user_permissions": []}}, {"model": "account.user", "pk": 2, "fields": {"password": "pbkdf2_sha256$390000$xXTVFHM1zqdafFzE00n4tA$eCgMiAucBRNVYLf5sKS4QJ4mZFwI6MlZjqtj6/t9bvc=", "last_login": null, "is_superuser": false, "username": "Farkakb", "first_name": "", "last_name": "", "email": "", "is_staff": false, "is_active": true, "date_joined": "2022-11-08T10:29:01.288Z", "number": null, "birthday": null, "gender": null, "groups": [], "user_permissions": []}}, {"model": "account.user", "pk": 3, "fields": {"password": "pbkdf2_sha256$390000$iIZ1f7KNq9wfChm78kqfQj$tghE6YSEYtc/D12KP/DTVIjayFlN6XuGXPopS1HR/fA=", "last_login": null, "is_superuser": false, "username": "Akbar", "first_name": "", "last_name": "", "email": "", "is_staff": false, "is_active": true, "date_joined": "2022-11-08T10:29:19.098Z", "number": null, "birthday": null, "gender": null, "groups": [], "user_permissions": []}}, {"model": "account.user", "pk": 4, "fields": {"password": "pbkdf2_sha256$390000$RHKICHz9rXNpIqlY06LL5I$KXAP6kLtVE335vIvESE3og+caQu9q4T6S6CdrIDNDMc=", "last_login": null, "is_superuser": false, "username": "Faridhussain", "first_name": "", "last_name": "", "email": "", "is_staff": false, "is_active": true, "date_joined": "2022-11-08T10:29:41.953Z", "number": null, "birthday": null, "gender": null, "groups": [], "user_permissions": []}}]